Variant name,tolerance #,SNPs
Alpha N501Y+A570D,0,N501Y A570D
Beta K417N+E484K+N501Y,0,K417N E484K N501Y
Gamma K417T+E484K+N501Y,0,K417T E484K N501Y
Delta L452R+T478K,0,!K417N !N440K !S466N L452R T478K
Kappa L452R+E484Q,0,L452R E484Q
Lambda L452R+F590S,0,L452Q F590S
Omicron BA.1,1,1251T(K417N) 1320G(N440K) 1336A(G446S) !L452Q 1430A(S477N) 1433A(T478K) 1451C(E484A) 1478G(Q493R) 1486A(G496S) 1493G(Q498R) 1501T(N501Y) 1513C(Y505H) 1640A(T547K)
Omicron BA.2,0,1251T(K417N) 1320G(N440K) !G446 !L452Q 1430A(S477N) 1433A(T478K) 1451C(E484A) 1478G(Q493R) !G496 1493G(Q498R) 1501T(N501Y) 1513C(Y505H) !T547
Omicron BA.2.12.1,0,1251T(K417N) 1320G(N440K) !G446 1355A(L452Q) 1430A(S477N) 1433A(T478K) 1451C(E484A) 1478G(Q493R) !G496 1493G(Q498R) 1501T(N501Y) 1513C(Y505H) !T547
Omicron BA.4/5,0,1251T(K417N) 1320G(N440K) !G446 1355G(L452R) 1430A(S477N) 1433A(T478K) 1451C(E484A T1456G(F486V) !1478G(Q493R) !G496 1493G(Q498R) 1501T(N501Y) 1513C(Y505H) !T547
L452R (not T478K E484Q or Q498),0,L452R !T478K !E484Q !Q498
Theta/Mu E484K N501Y (not K417),0,E484K N501Y !K417
E484K (not K417 or N501Y),0,E484K !N501Y !K417
S477N (not K417 T478K or N501Y),0,S477N !N501Y !K417 !T478K
WNY1 Family Q498Y H519 E484A,1,Q498Y H519N H519K E484A S494P T572N
WNY2 Family Q498Y H519N Q493K,0,Q498Y H519N Q493K
WNY3 Family K417T E484A Q498 K444T,0,K417T E484A Q498 K444T
WNY4 Family Q498Y N501T F486V Y449R,0,Q498Y N501T F486V Y449R
WNY5 Family K417T E484A Q498 N440E,0,K417T E484A Q498 N440E
